,country,popt,ifr
1,Denmark,5792203,0.01020747
2,Norway,5421242,0.009149564
3,Sweden,10099270,0.010311043
4,United Kingdom,67886004,0.010350438
5,Italy,60461828,0.012449626
6,Spain,46754783,0.010783873
7,Austria,9006400,0.010388226
8,Belgium,11589616,0.010959878
9,France,65273512,0.012556187
10,Germany,83783945,0.012332443
11,Switzerland,8654618,0.010213453
12,Greece,10423056,0.011799229
13,Portugal,10196707,0.011725868
14,Netherlands,17134873,0.01028976
15,Israel,9152000,0.010965504
